iterations,error_inf,error_2,error_semi_H1
1000,0.062470899074042074,0.04238232466511445,0.2613553537563129
2000,0.08177778124809265,0.02351980006063565,0.2436232441188484
