iterations,error_inf,error_2,error_semi_H1
1000,6.698951843850879,2.6659267882539854,7.01424318583885
2000,5.944667253368167,2.2987644713089463,6.276258181701152
