iterations,error_inf,error_2,error_semi_H1
1000,0.6612462440227248,0.2765263775546675,0.7387260880809684
2000,0.3570837080478668,0.11449256432999161,1.0202362950475226
