iterations,error_inf,error_2,error_semi_H1
1000,0.006348848342895508,0.0033535704927783643,0.02234997753773513
2000,0.0016686022281646729,0.001170682169236319,0.010347535236737452
