iterations,error_inf,error_2,error_semi_H1
1000,0.07500261765939156,0.05404683882273146,0.33453040352223967
2000,0.08688867092132568,0.022122560979234165,0.2674101247546682
