iterations,error_inf,error_2,error_semi_H1
1000,0.6518386429988262,0.26466936450849154,0.6898532341702368
2000,0.3353432852214491,0.13618006157124193,0.7442020566679506
