iterations,error_inf,error_2,error_semi_H1
1000,0.06355428127326149,0.04964565090451068,0.32683463727340767
1000,0.06355428127326149,0.04964565090451068,0.32683463727340767
2000,0.09710314869880676,0.03942022371520635,0.33714644412590966
2000,0.09710314869880676,0.03942022371520635,0.33714644412590966
