iterations,error_inf,error_2,error_semi_H1
1000,0.10798584070698607,0.06686478957436859,0.35413046243783436
2000,0.08962568640708923,0.024735346056847133,0.33554502596830177
