iterations,error_inf,error_2,error_semi_H1
1000,6.676694515817432,2.641311006217151,6.964345135046258
2000,5.959569368236331,2.3022874715946764,6.291253378463964
